title,price,location,luas_tanah,luas_bangunan,kamar_tidur,kamar_mandi,garasi,carport,sertifikat,jumlah_lantai,url
Turun Harga! Rumah Terawat Lingkungan Prime Area Ampera Dekat Tol Jorr Tb Simatupang,13500000000,Jakarta Selatan Kemang,752,230,5.0,4.0,2.0,2.0,SHM,2,https://www.rumah123.com/properti/jakarta-selatan-kemang/turun-harga-rumah-terawat-lingkungan-prime-area-kemang-dekat-tol-jorr-tb-simatupang-hos40958189/
Rumah Nyaman Strategis Dlm Komplek di Kebayoran Baru Jaksel,16000000000,Jakarta Selatan Kebayoran Baru,312,225,5.0,6.0,2.0,2.0,SHM,2,https://www.rumah123.com/properti/jakarta-selatan-kebayoran-baru/rumah-nyaman-strategis-dlm-komplek-di-kebayoran-baru-jaksel-hos41193533/
Murah Jual Nego Cepat Rumah Mewah+ Pool 634M2 di Pondok Indah,37000000000,Jakarta Selatan Pondok Indah,634,720,4.0,5.0,2.0,4.0,SHM,2,https://www.rumah123.com/properti/jakarta-selatan-pondok-indah/jual-cepat-rumah-mewah-634m2-swimming-pool-di-pondok-indah-hos40020727/
Hot Sale Bukit Golf Pondok Indah,120000000000,Jakarta Selatan Pondok Indah,1240,1217,5.0,6.0,4.0,4.0,SHM,2,https://www.rumah123.com/properti/jakarta-selatan-pondok-indah/hot-sale-bukit-golf-pondok-indah-hos41186067/
Jual Cepat Rumah 2 Lantai Cilandak Barat,7900000000,Jakarta Selatan Cilandak,201,387,4.0,2.0,1.0,2.0,SHM,2,https://www.rumah123.com/properti/jakarta-selatan-cilandak/jual-cepat-rumah-2-lantai-cilandak-barat-hos41190810/
Rumah Murah Siap Huni Tebet Jakarta Selatan,2850000000,Jakarta Selatan Tebet,144,120,4.0,3.0,1.0,0.0,SHM,2,https://www.rumah123.com/properti/jakarta-selatan-tebet/rumah-murah-siap-huni-tebet-jakarta-selatan-hos41041825/
Rumah Bagus Dikawasan Kuliner di Jakarta Selatan,10400000000,Jakarta Selatan Kemang,1206,503,4.0,3.0,3.0,2.0,SHM,2,https://www.rumah123.com/properti/jakarta-selatan-kemang/rumah-bagus-dikawasan-kuliner-di-jakarta-selatan-hos41111601/
Rumah Bagus Dekat Fasilitas Umum di Jakarta Selatan,10000000000,Jakarta Selatan Kebayoran Baru,754,426,4.0,4.0,1.0,2.0,SHM,2,https://www.rumah123.com/properti/jakarta-selatan-kebayoran-baru/rumah-bagus-dekat-fasilitas-umum-di-jakarta-selatan-hos41097168/
Rumah Bagus Dekat dengan Fasilitas Umum di Kawasan Elit di Jakarta Selatan,7610000000,Jakarta Selatan Kebayoran Baru,754,426,4.0,4.0,1.0,2.0,SHM,2,https://www.rumah123.com/properti/jakarta-selatan-kebayoran-baru/rumah-bagus-dekat-dengan-fasilitas-umum-di-kawasan-elit-di-jakarta-selatan-hos41096460/
Rumah Murah Classic Modern Tebet Mas Spesifikasi Mahal Siap Huni Jual Cepat Lihat Jamin Beli,15500000000,Jakarta Selatan Tebet,350,340,3.0,4.0,0.0,3.0,SHM,2,https://www.rumah123.com/properti/jakarta-selatan-tebet/rumah-murah-classic-modern-tebet-mas-spesifikasi-mahal-siap-huni-jual-cepat-lihat-jamin-beli-hos16225273/
Rumah Hook Ada Lift dan Pool di Bukit Golf Pondok Indah,135000000000,Jakarta Selatan Pondok Indah,1980,800,5.0,3.0,5.0,0.0,SHM,2,https://www.rumah123.com/properti/jakarta-selatan-pondok-indah/rumah-hook-ada-lift-dan-pool-di-bukit-golf-pondok-indah-hos18798452/
"Rumah Hitung Tanah di Gedung Hijau Pondok Indah, 150 m ke Jalan Raya Utama,",9100000000,Jakarta Selatan Pondok Indah,250,438,5.0,5.0,2.0,0.0,SHM,2,https://www.rumah123.com/properti/jakarta-selatan-pondok-indah/rumah-hitung-tanah-di-gedung-hijau-pondok-indah-150-m-ke-jalan-raya-utama-hos17719844/
"Dijual Rumah Mewah - Townhouse Eksklusif Jl. Bangka, Jakarta Selatan",11500000000,Jakarta Selatan Bangka,304,600,6.0,5.0,0.0,2.0,SHM,2,https://www.rumah123.com/properti/jakarta-selatan-bangka/dijual-rumah-mewah-townhouse-eksklusif-jl-bangka-jakarta-selatan-hos40884764/
Rumah Mewah dan Eksklusif 4 Lantai Ada Lift dan Ada Private Pool di Kemang Jakarta Selatan,12000000000,Jakarta Selatan Kemang,180,500,4.0,5.0,2.0,2.0,SHM,4,https://www.rumah123.com/properti/jakarta-selatan-kemang/rumah-mewah-dan-ekslusif-4-lantai-ada-lift-dan-ada-private-pool-di-kemang-jakarta-selatan-hos41044478/
Urgent Harus Terjual Rumah dengan Pool Lokasi Strategis Dekat Mall One Belpark Cilandak,6900000000,Jakarta Selatan Cilandak,335,320,4.0,3.0,1.0,2.0,SHM,1,https://www.rumah123.com/properti/jakarta-selatan-cilandak/urgent-harus-terjual-rumah-dengan-pool-lokasi-strategis-dekat-mall-one-belpark-cilandak-hos39633846/
"Dijual Rumah di Kebon Jeruk Jl Masjid Al Anwar, Dekat ke Jl Panjang - Palmerah, Bagus SHM",4690000000,Jakarta Barat Kebon Jeruk,141,300,5.0,5.0,3.0,1.0,SHM,4,https://www.rumah123.com/properti/jakarta-barat-kebon-jeruk/dijual-rumah-di-kebon-jeruk-jl-masjid-al-anwar-dekat-ke-jl-panjang-palmerah-bagus-shm-hos40732133/
"Dijual Rumah di Komplek Dpr Pribadi, Meruya, Rumah SHM Bagus di Komplek Dpr Ri, Jl. Meruya Selatan, Joglo, Kembangan, Kota Jakarta Barat, Dki Jakarta, Indonesia, 11640, Meruya",5090000000,Jakarta Barat Meruya,200,300,4.0,3.0,0.0,2.0,SHM,2,https://www.rumah123.com/properti/jakarta-barat-meruya/dijual-rumah-di-komplek-dpr-pribadi-meruya-rumah-shm-bagus-di-komplek-dpr-ri-jl-meruya-selatan-joglo-kembangan-kota-hos40724262/
Jual Rumah Mewah Hoek 479M2 Anti Banjir di Kompleks Greenville,13500000000,Jakarta Barat Duri Kepa,479,430,5.0,3.0,2.0,1.0,SHM,2,https://www.rumah123.com/properti/jakarta-barat-duri-kepa/jual-rumah-mewah-hoek-479m2-anti-banjir-di-kompleks-greenville-hos41153362/
Komp Perumahan Unilever Meruya Selatan Rumah,2980000000,Jakarta Barat Meruya,195,175,4.0,3.0,2.0,1.0,SHM,1,https://www.rumah123.com/properti/jakarta-barat-meruya/komp-perumahan-unilever-meruya-selatan-rumah-hos39610943/
House DIJUAL di PURI INDAH 160m²,7500000000,Jakarta Barat Puri Indah,160,350,3.0,3.0,0.0,0.0,SHM,3,https://www.rumah123.com/properti/jakarta-barat-puri-indah/house-dijual-di-puri-indah-160m-hos12713215/
Puri Indah Brand New Jarang Ada Dijual,3950000000,Jakarta Barat Puri Indah,82,190,3.0,3.0,0.0,1.0,SHM,2,https://www.rumah123.com/properti/jakarta-barat-puri-indah/puri-indah-brand-new-jarang-ada-dijual-hos40850879/
"Rumah Baru Indent. *Satu Satunya Perumahan Baru Terbesar, Termurah, Termodern di Duri Kepa, Jakarta Barat Saat Ini* *Ada 44 Unit Rumah Baru Indent...**""Harga Pasaran Jual 2.5-2.9M, Kami Jual Jauh Dibawah Pasaran & Dgn Fasilitas N Promo Terbaik""*(Kode Rmrg",2270000000,Jakarta Barat Duri Kepa,64,181,5.0,4.0,0.0,2.0,SHM,3,https://www.rumah123.com/properti/jakarta-barat-duri-kepa/satu-satunya-perumahan-baru-terbesar-termurah-termodern-di-duri-kepa-jakarta-barat-saat-ini-ada-44-unit-rumah-baru-hos40995570/
Ana Rumah 3.5Lt Luas 4X16m Jalan Lebar Lokasi Strategis di Jelambar - * Good- Deal !!*,2100000000,Jakarta Barat Jelambar,64,168,3.0,3.0,1.0,1.0,SHM,4,https://www.rumah123.com/properti/jakarta-barat-jelambar/ana-rumah-35lt-luas-4x16m-jalan-lebar-lokasi-strategis-di-jelambar-good-deal-hos41207119/
"Rumah Ellit di Puri Indah, Deket dengan Sekolah,2 Mall Besar",15000000000,Jakarta Barat Puri Indah,465,486,6.0,5.0,2.0,2.0,SHM,2,https://www.rumah123.com/properti/jakarta-barat-puri-indah/rumah-ellit-di-puri-indah-deket-dengan-sekolah2-mall-besar-hos39851580/
Dijual Murah Htung Tanah! Rumah Permata Buana Jakarta Barat,4500000000,Jakarta Barat Permata Buana,144,200,3.0,3.0,1.0,1.0,SHM,2,https://www.rumah123.com/properti/jakarta-barat-permata-buana/dijual-murah-htung-tanah-rumah-permata-buana-jakarta-barat-hos40207599/
Rumah Baru 3 Lantai Bagus Megah Strategis Tomang Jakarta Barat,3300000000,Jakarta Barat Tomang,90,195,5.0,3.0,1.0,2.0,SHM,3,https://www.rumah123.com/properti/jakarta-barat-tomang/rumah-baru-3-lantai-bagus-megah-strategis-tomang-jakarta-barat-hos39011357/
Rumah 2Lt Bebas Banjir Strategis Permata Buana Jakarta Barat,4600000000,Jakarta Barat Permata Buana,144,148,4.0,3.0,0.0,1.0,SHM,2,https://www.rumah123.com/properti/jakarta-barat-permata-buana/rumah-2lt-bebas-banjir-strategis-permata-buana-jakarta-barat-hos39277243/
Promo Gokil! Hanya 10 Pembeli Pertama,2270000000,Jakarta Barat Tanjung Duren,64,147,5.0,4.0,0.0,2.0,SHM,3,https://www.rumah123.com/properti/jakarta-barat-tanjung-duren/promo-gokil-hanya-10-pembeli-pertama-hos40936875/
Rumah Luas & Nyaman 14X38 Duri Kepa Kebon Jeruk Jakarta Barat,5500000000,Jakarta Barat Duri Kepa,535,410,5.0,5.0,2.0,1.0,SHM,2,https://www.rumah123.com/properti/jakarta-barat-duri-kepa/rumah-luas-nyaman-14x38-hos40905831/
Rumah Baru 3.5Lt Bebas Banjir Kavling Polri Jelambar Jakarta Barat,3300000000,Jakarta Barat Jelambar,75,175,5.0,6.0,0.0,2.0,Lainnya,3,https://www.rumah123.com/properti/jakarta-barat-jelambar/rumah-baru-35lt-bebas-banjir-kavling-polri-jelambar-jakarta-barat-hos40087164/
"Dijual Rumah Paling Murah di Metland Menteng, Cluster 2Lt, Cakung Jakarta Timur",1400000000,Jakarta Timur Metland Menteng,96,100,3.0,3.0,1.0,0.0,SHM,2,https://www.rumah123.com/properti/jakarta-timur-metland-menteng/dijual-rumah-paling-murah-di-metland-menteng-cluster-2lt-cakung-jakarta-timur-hos41094511/
Jual Rumah Mewah 15X23m2 di Rawamangun,8800000000,Jakarta Timur Rawamangun,350,800,4.0,3.0,0.0,2.0,SHM,3,https://www.rumah123.com/properti/jakarta-timur-rawamangun/jual-rumah-mewah-15x23m2-di-rawamangun-hos41164767/
Dijual Rumah Hook Kokoh Dalam Komplek Besar di Rawa Mangun Jaktim,16500000000,Jakarta Timur Rawamangun,1260,600,5.0,4.0,4.0,3.0,SHM,1,https://www.rumah123.com/properti/jakarta-timur-rawamangun/dijual-rumah-hook-kokoh-dalam-komplek-besar-di-rawa-mangun-jaktim-hos18726767/
Rumah Mewah Termurah di Dekat Aeon Mall dan Ikea Jakarta Garden City Cakung,2150000000,Jakarta Timur Jakarta Garden City,84,79,3.0,2.0,0.0,2.0,PPJB,2,https://www.rumah123.com/properti/jakarta-timur-jakarta-garden-city/rumah-mewah-termurah-di-dekat-aeon-mall-dan-ikea-jakarta-garden-city-cakung-hos14773444/
Rumah Mewah Murah Siap Huni di Pulogebang Cakung Jakarta Timur,3700000000,Jakarta Timur Cakung,363,262,4.0,5.0,1.0,2.0,SHM,2,https://www.rumah123.com/properti/jakarta-timur-cakung/rumah-mewah-murah-siap-huni-di-pulogebang-cakung-jakarta-timur-hos39979318/
Rumah Luas Megah 3 Lantai dengan 5 Kamar Tidur Dijual di Jakarta Timur Sangat Premium,5400000000,Jakarta Timur Jakarta Garden City,105,180,5.0,5.0,1.0,1.0,Lainnya,3,https://www.rumah123.com/properti/jakarta-timur-jakarta-garden-city/rumah-luas-megah-3-lantai-dengan-5-kamar-tidur-dijual-di-jakarta-timur-sangat-premium-hos40852766/
Dijual Rumah Tinggal & Kost-Kosan 2Lt Luas 800M Cipinang Jakarta Timur,16000000000,Jakarta Timur Cipinang,800,800,10.0,12.0,0.0,0.0,SHM,2,https://www.rumah123.com/properti/jakarta-timur-cipinang/dijual-rumah-kostkosan-2lt-luas-800m-cipinang-jakarta-timur-hos40956800/
Hunian Mewah Nyaman Cocok untuk Keluarga Punya 5 Kamar Dilengkapi Fasilitas Lengkap,5400000000,Jakarta Timur Rawamangun,105,180,5.0,5.0,1.0,1.0,Lainnya,3,https://www.rumah123.com/properti/jakarta-timur-rawamangun/hunian-mewah-nyaman-cocok-untuk-keluarga-punya-5-kamar-dilengkapi-fasilitas-lengkap-hos40852702/
Rumah Mewah di Jaktim Akses Mudah dengan Fasilitas Sangat Lengkap 3 Lantai,5400000000,Jakarta Timur Cakung,105,180,5.0,5.0,2.0,2.0,Lainnya,3,https://www.rumah123.com/properti/jakarta-timur-cakung/rumah-mewah-di-jaktim-akses-mudah-dengan-fasilitas-sangat-lengkap-3-lantai-hos40855356/
Cluster Paling Termurah di Jgc Cakung Jakarta Timur Harga Promo Berkah Ramadhan Free Ac Free Biaya Surat2. di Bantu Lolos KPR bisa Cicil DP,928000000,Jakarta Timur Cakung,50,57,3.0,2.0,1.0,1.0,SHM,2,https://www.rumah123.com/properti/jakarta-timur-cakung/paling-murahhhh-rumah-cluster-baru-florence-village-di-jgc-hos40714116/
Hunian Mewah Cluter Vastu Promo Berkah Ramadhan Cukup 30 Juta Aja Tanpa DP dan Free Biaya2 di Bantu Lolos KPR Tanpa Ribet Bebas Banjir Banyak Bonus Lainnya di Jgc Cakung Jakarta. Timur Aq Dampingi Sampai Dapet Kunci,3160000000,Jakarta Timur Cakung,105,140,4.0,3.0,2.0,1.0,HGB,2,https://www.rumah123.com/properti/jakarta-timur-cakung/gubrakan-promo-akhir-tahun-mandi-free-ratusan-juta-rumah-mewah-siap-huni-tanpa-dp-di-bantu-lolos-kpr-dan-banyak-bonus-hos16946425/
Promo Berkah Ramadhan Discount 35%. Pasti Lebih Murah di Bantu Lolos KPR Banyak Free Lainnya Rumah Siap Huni Bebas Banjir Jgc Cakung Jakarta Timur,2200000000,Jakarta Timur Cakung,105,156,4.0,4.0,2.0,2.0,HGB,2,https://www.rumah123.com/properti/jakarta-timur-cakung/harga-anjlok-ngabisin-unit-promo-ratusan-juta-free-biaya-surat2-di-bantu-lolos-kpr-banyak-free-lain-rumah-siap-huni-hos18572090/
Rumah Siap Huni Deket Tol LRT Cibubur Bebas Custom Layout Dp 0%,1000000000,Jakarta Timur Cibubur,84,87,3.0,3.0,0.0,2.0,SHM,2,https://www.rumah123.com/properti/jakarta-timur-cibubur/rumah-siaphuni-deket-tol-lrt-cibubur-bebas-custom-layout-dp-0-hos40505637/
Rumah Mewah Luas Modern Baru 4BR Kota Wisata Cibubur Strategis Free DP,3400000000,Jakarta Timur Cibubur,120,149,4.0,4.0,1.0,1.0,Lainnya,2,https://www.rumah123.com/properti/jakarta-timur-cibubur/rumah-mewah-luas-modern-baru-4br-kota-wisata-cibubur-strategis-free-dp-hos38996956/
Rumah Mewah PIK Garden House Furnish Kolam Renang (450m),25000000000,Jakarta Utara Pantai Indah Kapuk,450,800,5.0,4.0,2.0,2.0,SHM,2,https://www.rumah123.com/properti/jakarta-utara-pantai-indah-kapuk/rumah-mewah-pik-garden-house-furnish-kolam-renang-450m-hos39788891/
Dijual Rumah Mewah Siapa Huni di Bukit Golf Mediterania Pik,13000000000,Jakarta Utara Pantai Indah Kapuk,325,263,6.0,6.0,1.0,2.0,SHM,2,https://www.rumah123.com/properti/jakarta-utara-pantai-indah-kapuk/dijual-rumah-mewah-siapa-huni-di-bukit-golf-mediterania-pik-hos41191024/
Rumah Pluit Karang Cantik Muara Karang Penjaringan Jakarta Utara,3000000000,Jakarta Utara Muara Karang,120,300,4.0,5.0,0.0,0.0,SHM,2,https://www.rumah123.com/properti/jakarta-utara-muara-karang/rumah-pluit-karang-cantik-muara-karang-penjaringan-jakarta-utara-hos39159823/
Termurah Jual Rumah Hoek 17X18m2 LT Marmer Janur Elok Anti Banjir,7100000000,Jakarta Utara Kelapa Gading,306,360,4.0,3.0,0.0,2.0,SHM,2,https://www.rumah123.com/properti/jakarta-utara-kelapa-gading/jual-cepat-rumah-hoek-17x18m2-lt-marmer-janur-elok-anti-banjir-hos41048555/
Dijual Rumah Kelapa Gading !! Murah Siap Huni Kosongan 2 Lantai,1100000000,Jakarta Utara Kelapa Gading,60,84,2.0,2.0,0.0,1.0,SHM,2,https://www.rumah123.com/properti/jakarta-utara-kelapa-gading/dijual-rumah-kelapa-gading-murah-siap-huni-kosongan-2-lantai-hos39272819/
Rumah Siap Huni Minimalis Semifurnished Rumah,3500000000,Jakarta Utara Sunter,96,175,4.0,3.0,1.0,1.0,SHM,2,https://www.rumah123.com/properti/jakarta-utara-sunter/rumah-siap-huni-minimalis-semifurnished-rumah-hos40558635/
Dijual Rumah Brand New Pik 2 Millenial Harga Nego,1250000000,Jakarta Utara Pantai Indah Kapuk 2,45,54,2.0,2.0,0.0,0.0,PPJB,2,https://www.rumah123.com/properti/jakarta-utara-pantai-indah-kapuk-2/dijual-rumah-brand-new-pik-2-millenial-harga-nego-hos41105631/
Rumah Katamaran Indah Minimalis Modern 4 Lantai Siap Huni,18000000000,Jakarta Utara Pantai Indah Kapuk,312,1050,6.0,7.0,0.0,0.0,SHM,4,https://www.rumah123.com/properti/jakarta-utara-pantai-indah-kapuk/rumah-katamaran-indah-minimalis-modern-4-lantai-siap-huni-hos39863613/
Rumah 3 Lantai Pantai Indah Kapuk Harga Nego,6600000000,Jakarta Utara Pantai Indah Kapuk,200,350,4.0,4.0,0.0,0.0,SHM,3,https://www.rumah123.com/properti/jakarta-utara-pantai-indah-kapuk/rumah-3-lantai-pantai-indah-kapuk-harga-nego-hos40556892/
"Dijual Rumah.mayang Permai, Pantai Indah Kapuk 1",6500000000,Jakarta Utara Pantai Indah Kapuk,150,400,5.0,5.0,3.0,2.0,SHM,4,https://www.rumah123.com/properti/jakarta-utara-pantai-indah-kapuk/dijual-rumahmayang-permai-pantai-indah-kapuk-1-hos40938899/
Paling Murah Vila Pasir Putih 10X20 Akan Terjual Cepat,7500000000,Jakarta Utara Pantai Indah Kapuk 2,200,2353,3.0,3.0,0.0,1.0,SHM,2,https://www.rumah123.com/properti/jakarta-utara-pantai-indah-kapuk-2/paling-murah-vila-pasir-putih-10x20-akan-terjual-cepat-hos41195572/
Turun Harga! Rumah 8X20 Mozart Golf Island 3 Lantai Full Furnished Best Deal!,8600000000,Jakarta Utara Pantai Indah Kapuk,160,400,3.0,3.0,0.0,2.0,HGB,3,https://www.rumah123.com/properti/jakarta-utara-pantai-indah-kapuk/turun-harga-rumah-8x20-mozart-golf-island-3-lantai-full-furnished-best-deal-hos40515956/
Turun Harga! Bangunan Kontraktor Uk 7X25 Walet Pik 1 Segera Terjual,4900000000,Jakarta Utara Pantai Indah Kapuk,175,210,4.0,3.0,0.0,1.0,SHM,2,https://www.rumah123.com/properti/jakarta-utara-pantai-indah-kapuk/turun-harga-bangunan-kontraktor-uk-7x25-walet-pik-1-segera-terjual-hos19121000/
Rumah Janur Elok Kelapa Gading 2 Lantai 4 Kamar,3500000000,Jakarta Utara Kelapa Gading,108,156,4.0,2.0,0.0,2.0,SHM,2,https://www.rumah123.com/properti/jakarta-utara-kelapa-gading/rumah-janur-elok-kelapa-gading-2-lantai-4-kamar-hos41081041/
Rumah Bagus Cantik Siap Huni Bukit Gading Mediterania Kelapa Gading Murah,4800000000,Jakarta Utara Kelapa Gading,120,190,4.0,3.0,0.0,3.0,SHM,2,https://www.rumah123.com/properti/jakarta-utara-kelapa-gading/rumah-bagus-cantik-siap-huni-bukit-gading-mediterania-kelapa-gading-murah-hos41121857/
"Rumah 2 Lantai Dekat Kfc Cempaka Putih, Jakarta Pusat",1400000000,Jakarta Pusat Cempaka Putih,55,72,3.0,3.0,0.0,1.0,SHM,2,https://www.rumah123.com/properti/jakarta-pusat-cempaka-putih/rumah-2-lantai-dekat-kfc-cempaka-putih-jakarta-pusat-hos16149580/
"Dekat Akses Tol, Rumah, 4 Lantai, Dekat Sekolah Internasional,",4800000000,Jakarta Pusat Kemayoran,120,293,4.0,4.0,3.0,1.0,Lainnya,4,https://www.rumah123.com/properti/jakarta-pusat-kemayoran/dekat-akses-tol-rumah-4-lantai-dekat-sekolah-internasional-hos40511283/
Rumah Baru Brand New Cempaka Putih Semi Furnish SHM,4500000000,Jakarta Pusat Cempaka Putih,115,200,4.0,3.0,0.0,2.0,SHM,2,https://www.rumah123.com/properti/jakarta-pusat-cempaka-putih/rumah-baru-brand-new-cempaka-putih-semi-furnish-shm-hos41089156/
Rumah Mewah Belakang Yarsi Cempaka Putih,3500000000,Jakarta Pusat Cempaka Putih,92,172,4.0,4.0,1.0,1.0,SHM,3,https://www.rumah123.com/properti/jakarta-pusat-cempaka-putih/rumah-mewah-belakang-yarsi-cempaka-putih-hos41206857/
Ready Siap Huni Cempaka Putih,1800000000,Jakarta Pusat Cempaka Putih,63,126,3.0,3.0,1.0,1.0,SHM,3,https://www.rumah123.com/properti/jakarta-pusat-cempaka-putih/ready-siap-huni-cempaka-putih-hos40670281/
Ready Siap Huni Akses Motor Jakpus,475000000,Jakarta Pusat Cempaka Putih,22,50,2.0,2.0,0.0,1.0,SHM,3,https://www.rumah123.com/properti/jakarta-pusat-cempaka-putih/ready-siap-huni-akses-motor-jakpus-hos39909974/
Kpr Rumah Akses Mobil Cempaka Putih,900000000,Jakarta Pusat Cempaka Putih,27,60,2.0,2.0,1.0,0.0,SHM,2,https://www.rumah123.com/properti/jakarta-pusat-cempaka-putih/kpr-rumah-akses-mobil-cempaka-putih-hos39909830/
2 Lantai KPR Siap Huni Kemayoran Lokasi Pinggir Jalan,1300000000,Jakarta Pusat Kemayoran,45,80,2.0,2.0,1.0,1.0,SHM,2,https://www.rumah123.com/properti/jakarta-pusat-kemayoran/2-lantai-kpr-siap-huni-kemayoran-lokasi-pinggir-jalan-hos39931701/
Di Jual Rumah 2Lt Percetakan Negara Dekat Bpom Jakarta Pusat,733000000,Jakarta Pusat Percetakan Negara,38,74,2.0,2.0,1.0,1.0,SHM,2,https://www.rumah123.com/properti/jakarta-pusat-percetakan-negara/di-jual-rumah-percetakan-negara-dekat-pt-bpom-jakarta-pusat-hos39765694/
Di Jual Rumah Dwiwarna 3Lt 869Jt Bebas Banjir,869000000,Jakarta Pusat Sawah Besar,24,45,1.0,1.0,1.0,1.0,SHM,2,https://www.rumah123.com/properti/jakarta-pusat-sawah-besar/di-jual-rumah-2-lantai-695jt-dwiwarna-jakarta-pusat-hos39322341/
Rumah Baru Siaphuni Jakarta Pusat 3 Lantai Pinggir Jalan Sisa 1,2500000000,Jakarta Pusat Thamrin,60,135,4.0,4.0,0.0,2.0,SHM,3,https://www.rumah123.com/properti/jakarta-pusat-thamrin/rumah-baru-siaphuni-jakarta-pusat-3-lantai-pinggir-jalan-sisa-1-hos40488809/
Dijual Cepat Rumah atau Landed Apartemen atau Kosts Menguntungkan Seperti Mini Hotel Omset Menguntungkan Karna Sudah Terisi Penyewa bisa untuk Investasi atau bisa Rumah Tinggal atau Kantor atau Buat Ruang Usaha atau Buat Lainnya Lokasi Prime Area Dekat Su,54900000000,Jakarta Pusat Menteng,629,505,8.0,8.0,0.0,6.0,Lainnya,2,https://www.rumah123.com/properti/jakarta-pusat-menteng/dijual-rumah-gaya-kolonial-modern-area-menteng-jakarta-pusat-hos40112108/
Dijual Rumah Menteng Luxury Bisa Buat Tempat Tinggal Atau Kantor Bangunan Kokoh Harga Murah Siap Huni Dekat Kuningan Dan Senayan Dan Thamrin Dan Sudirman Area Menteng Jakarta Pusat,22000000000,Jakarta Pusat Menteng,537,600,8.0,8.0,0.0,7.0,SHM,2,https://www.rumah123.com/properti/jakarta-pusat-menteng/dijual-rumah-menteng-luxury-bisa-buat-tempat-tinggal-atau-kantor-bangunan-kokoh-harga-murah-siap-huni-dekat-kuningan-hos40365672/
Dijual Cepat Rumah Cantik Murah Lokasi Strategis Dekat Tool Dan Sekolah Dekat Cempaka Putih Dan Menteng Area Kemayoran Jakarta Pusat,8500000000,Jakarta Pusat Kemayoran,251,600,7.0,5.0,0.0,3.0,SHM,2,https://www.rumah123.com/properti/jakarta-pusat-kemayoran/dijual-cepat-rumah-cantik-murah-lokasi-strategis-dekat-tool-dan-sekolah-dekat-cempaka-putih-dan-menteng-area-kemayoran-hos40588008/
Rumah 2 Lantai di Menteng Terdiri Dari 3 Pavilion,50000000000,Jakarta Pusat Menteng,795,550,7.0,5.0,2.0,4.0,SHM,2,https://www.rumah123.com/properti/jakarta-pusat-menteng/rumah-2-lantai-di-menteng-terdiri-dari-3-pavilion-hos41169242/
"Dijual Rumah Mewah Classic Eropa Sentul City, 8 Menit Ke Exit Tol",18500000000,Bogor Sentul City,867,650,7.0,8.0,4.0,2.0,SHM,2,https://www.rumah123.com/properti/bogor-sentul-city/dijual-rumah-mewah-classic-eropa-sentul-city-8-menit-ke-exit-tol-hos39459986/
"Rumah cantik 2 Lantai Furnished SHM View Pegunungan Sentul City, Bogor",2500000000,Bogor Sentul City,200,200,4.0,3.0,0.0,2.0,SHM,2,https://www.rumah123.com/properti/bogor-sentul-city/rumah-cantik-2-lantai-furnished-shm-view-pegunungan-sentul-city-bogor-hos15838760/
Rumah Mewah Modern di Legenda Wisata Cibubur,3150000000,Bogor Legenda Wisata,210,250,4.0,3.0,0.0,3.0,SHM,2,https://www.rumah123.com/properti/bogor-legenda-wisata/rumah-mewah-modern-di-legenda-wisata-cibubur-hos17981867/
Rumah Dijual di Cluster Bukit Golf Hijau SHM,2350000000,Bogor Sentul City,220,300,5.0,5.0,1.0,1.0,SHM,2,https://www.rumah123.com/properti/bogor-sentul-city/rumah-dijual-di-cluster-bukit-golf-hijau-shm-hos41121834/
"Dijual Rumah Baru 2 Kamar Tidur di Bogor, Murah & Dekat Transum",590000000,Bogor Sentul,60,30,2.0,1.0,1.0,1.0,SHM,1,https://www.rumah123.com/properti/bogor-sentul/dijual-rumah-baru-2-kamar-tidur-di-bogor-murah-dekat-transum-hos41073856/
For Sale Rumah Elit 2 Lantai di Bogor dengan Fasilitas Sangat Lengkap,2000000000,Bogor Sentul City,98,107,4.0,4.0,1.0,1.0,Lainnya,2,https://www.rumah123.com/properti/bogor-sentul-city/for-sale-rumah-elit-2-lantai-di-bogor-selangkah-ke-teras-by-plataran-summarecon-bogor-hos41099349/
Jual Rumah Baru Murah 2 Kamar Tidur di Bogor Siap Huni Free PPN BPHTB SHM,580000000,Bogor Cibinong,60,30,2.0,1.0,1.0,1.0,Lainnya,1,https://www.rumah123.com/properti/bogor-cibinong/jual-rumah-baru-murah-2-kamar-tidur-di-bogor-siap-huni-free-ppn-bphtb-shm-hos39194999/
Jual Rumah Mewah Elegan di Cluster Baru Kota Wisata Cibubur 5 Kamar,2700000000,Bogor Kota Wisata,98,122,5.0,4.0,2.0,2.0,Lainnya,2,https://www.rumah123.com/properti/bogor-kota-wisata/jual-rumah-mewah-elegan-di-cluster-baru-kota-wisata-cibubur-5-kamar-hos40545782/
"For Sale Rumah Premium Bogor, 2 Lantai 4 Kamar Tidur",2000000000,Bogor Sentul City,98,107,4.0,4.0,1.0,1.0,Lainnya,2,https://www.rumah123.com/properti/bogor-sentul-city/for-sale-rumah-premium-bogor-2-lantai-4-kamar-tidur-hos41099372/
"Siap Huni Rumah Luas 2 Lantai di Kotwis, Akses Tol dan Transum Mudah",2700000000,Bogor Kota Wisata,98,122,5.0,4.0,2.0,2.0,Lainnya,2,https://www.rumah123.com/properti/bogor-kota-wisata/siap-huni-rumah-luas-2-lantai-di-kotwis-akses-tol-dan-transum-mudah-hos40609484/
Cluster Baru Kota Wisata Termurah Hanya 2 M Lokasi Strategis,2000000000,Bogor Kota Wisata,72,89,3.0,2.0,1.0,1.0,Lainnya,2,https://www.rumah123.com/properti/bogor-kota-wisata/cluster-baru-kota-wisata-termurah-hanya-2-m-lokasi-strategis-hos40523269/
Rumah Private Pool View Gunung Sentul City Luas 250M 3+1 Kamar,3950000000,Bogor Sentul City,252,250,3.0,4.0,0.0,4.0,SHM,2,https://www.rumah123.com/properti/bogor-sentul-city/rumah-private-pool-view-gunung-sentul-city-luas-250m-31-kamar-hos41206242/
Rumah Tingkat 2 Lantai Dijual di Bogor Kondisi Baru Bagus Modern,2000000000,Bogor Cileungsi,72,89,3.0,2.0,1.0,1.0,Lainnya,2,https://www.rumah123.com/properti/bogor-cileungsi/rumah-tingkat-2-lantai-dijual-di-bogor-kondisi-baru-bagus-modern-hos40525867/
For Sale Rumah Mewah 2 Lantai dengan 4 Kamar Tidur di Kawasan Premium Bogor,2000000000,Bogor Cibinong,98,107,4.0,4.0,1.0,1.0,Lainnya,2,https://www.rumah123.com/properti/bogor-cibinong/for-sale-rumah-mewah-2-lantai-dengan-4-kamar-tidur-di-kawasan-premium-bogor-hos41099549/
Dijual Rumah Nyaman Akses Mudah Dekat Tol dan Mall di Bogor,2000000000,Bogor Sentul City,72,89,3.0,2.0,1.0,1.0,Lainnya,2,https://www.rumah123.com/properti/bogor-sentul-city/dijual-rumah-nyaman-akses-mudah-dekat-tol-dan-mall-di-bogor-hos40526038/
"Rumah di Megapolitan Cinere Estate, Siap Huni, Furnished, 10 Menit ke Tol Desari",2980000000,Depok Cinere,180,223,4.0,3.0,0.0,2.0,SHM,2,https://www.rumah123.com/properti/depok-cinere/rumah-di-megapolitan-cinere-estate-siap-huni-furnished-10-menit-ke-tol-desari-hos41156440/
Rumah Mewah Baru Harga Terjangkai Wajib Survey,7500000000,Depok Cinere,425,350,3.0,3.0,2.0,2.0,SHM,2,https://www.rumah123.com/properti/depok-cinere/rumah-mewah-baru-harga-terjangkai-wajib-survey-hos19348050/
Rumah American Classic Harga Terbaik Megapolitan Cinere Wajib Survey,3300000000,Depok Cinere,182,200,4.0,4.0,0.0,2.0,SHM,1,https://www.rumah123.com/properti/depok-cinere/rumah-american-classic-harga-terbaik-megapolitan-cinere-wajib-survey-hos41194579/
Rumah Minimalis Dilengkapi Kolam Renang Dalam Komplek Perumahan,3500000000,Depok Pancoran Mas,262,220,4.0,4.0,1.0,1.0,SHM,3,https://www.rumah123.com/properti/depok-pancoran-mas/rumah-minimalis-dilengkapi-kolam-renang-dalam-komplek-perumahan-hos40852326/
Rumah Siap Huni Murah di Bojongsari Depok Jual di Bu Harga NJOP,1700000000,Depok Sawangan,306,200,3.0,3.0,0.0,3.0,SHM,1,https://www.rumah123.com/properti/depok-sawangan/rumah-siap-huni-murah-di-sawangan-jual-di-bawah-harga-pasar-hos40781687/
Rumah Mewah 2 Lantai Scandinavian Ternyaman di Cinere Kota Depok,2400000000,Depok Cinere,120,130,3.0,3.0,0.0,2.0,SHM,2,https://www.rumah123.com/properti/depok-cinere/rumah-mewah-2-lantai-scandinavian-ternyaman-di-cinere-kota-depok-hos40935817/
Rumah Siap Huni Mewah Japanese Style Murah di Cinere Kota Depok,799000000,Depok Limo,45,72,2.0,2.0,0.0,2.0,SHM,2,https://www.rumah123.com/properti/depok-limo/rumah-siap-huni-mewah-japanese-style-murah-di-cinere-kota-depok-hos40946748/
"Rumah Siap Huni Mewah Japanese Style, Termurah di Limo Kota Depok",799000000,Depok Cinere,45,72,2.0,2.0,0.0,2.0,SHM,2,https://www.rumah123.com/properti/depok-cinere/rumah-siap-huni-mewah-japanese-style-termurah-di-limo-kota-depok-hos40946747/
Komp Mega Cinere Minimalis 2 Lantai,3600000000,Depok Cinere,300,300,4.0,4.0,2.0,2.0,SHM,2,https://www.rumah123.com/properti/depok-cinere/komp-mega-cinere-minimalis-2-lantai-hos39257962/
Dijual Rumah 2 Lantai Kondisi Baru Bebas Macet Depan Akses Tol Persis,1200000000,Depok Cinere,62,52,2.0,1.0,1.0,1.0,Lainnya,2,https://www.rumah123.com/properti/depok-cinere/dijual-rumah-2-lantai-kondisi-baru-bebas-macet-depan-akses-tol-persis-hos40784281/
[ Akses Jalan Utama ] Dekat Stasiun Hanya 2.7 Kilometer,375000000,Depok Citayam,72,42,2.0,1.0,1.0,0.0,SHM,1,https://www.rumah123.com/properti/depok-citayam/akses-jalan-utama-dekat-stasiun-hanya-27-kilometer-hos40985807/
"Rumah Bagus 2 Lantai Kondisi Baru Dijual Dekat Sekolah, Kampus, dan Toll",1200000000,Depok Cimanggis,62,52,2.0,1.0,1.0,1.0,Lainnya,2,https://www.rumah123.com/properti/depok-cimanggis/rumah-bagus-2-lantai-kondisi-baru-dijual-dekat-sekolah-kampus-dan-toll-hos40784249/
Di Jual Rumah Harga NJOP,3900000000,Depok Cinere,270,300,5.0,3.0,2.0,2.0,SHM,3,https://www.rumah123.com/properti/depok-cinere/di-jual-rumah-harga-njop-hos16917333/
Di Jual Cepat dan Murah Cinere,4200000000,Depok Cinere,280,350,4.0,3.0,1.0,1.0,SHM,2,https://www.rumah123.com/properti/depok-cinere/di-jual-cepat-dan-murah-cinere-hos16916209/
Jual Cepat Rumah Siap Huni 2 Lantai di Cluster,1290000000,Depok Pancoran Mas,87,85,3.0,2.0,0.0,1.0,SHM,2,https://www.rumah123.com/properti/depok-pancoran-mas/jual-cepat-rumah-siap-huni-2-lantai-di-cluster-hos41202848/
Rumah Ready 2 Lantai Dekat ke Kawasan Lippo Karawaci Tangerang,910000000,Tangerang Karawaci,60,60,3.0,2.0,0.0,1.0,SHM,2,https://www.rumah123.com/properti/tangerang-karawaci/rumah-2-lantai-dekat-ke-kawasan-lippo-karawaci-tangerang-hos40223964/
Rumah Ready Stock Lokasi Strategis ke Lippo Karawaci & Gading,789000000,Tangerang Karawaci,72,40,2.0,1.0,0.0,1.0,SHM,1,https://www.rumah123.com/properti/tangerang-karawaci/rumah-siap-huni-lokasi-strategis-ke-lippo-karawaci-gading-hos19423701/
Rumah 2 Lantai Full Renovasi Greenwich Mayfield Gading Serpong BSD City Tangerang Banten,4099999999,Tangerang Bsd City,160,220,4.0,3.0,2.0,2.0,SHM,3,https://www.rumah123.com/properti/tangerang-bsd-city/rumah-2-lantai-full-renovasi-greenwich-mayfield-gading-serpong-bsd-city-tangerang-banten-hos40149302/
Rumah 3 Lantai Full Renovasi The Eminent Quantis Signature BSD City Gading Serpong Tangerang Banten,5500000000,Tangerang Bsd City,162,204,6.0,4.0,2.0,2.0,PPJB,3,https://www.rumah123.com/properti/tangerang-bsd-city/rumah-3-lantai-full-renovasi-the-eminent-quantis-signature-bsd-city-gading-serpong-tangerang-banten-hos39725119/
Rumah 2 Lantai Full Renovasi The Eminent Ingenia Gading Serpong BSD City Tangerang Banten Jesl,3500000000,Tangerang Bsd City,175,200,5.0,4.0,2.0,2.0,SHM,2,https://www.rumah123.com/properti/tangerang-bsd-city/rumah-2-lantai-full-renovasi-the-eminent-ingenia-gading-serpong-bsd-city-tangerang-banten-jesl-hos41177255/
Turun Harga!!! Murah Banget! Rumah Hoek Sutera Orlanda Alam Sutera,8400000000,Tangerang Alam Sutera,390,350,4.0,3.0,2.0,2.0,SHM,2,https://www.rumah123.com/properti/tangerang-alam-sutera/murah-banget-rumah-hoek-sutera-orlanda-alam-sutera-hos41145539/
Rumah Brand New Di Alamsutera!!!!!!,13200000000,Tangerang Alam Sutera,240,700,6.0,1.0,0.0,0.0,PPJB,4,https://www.rumah123.com/properti/tangerang-alam-sutera/rumah-brand-new-di-alamsutera-hos40235725/
Rumah 3 Kamar Siap Huni Dekat Akses Toll dan Stasiun,1200000000,Tangerang Selatan Bsd,72,57,3.0,2.0,0.0,1.0,SHM,2,https://www.rumah123.com/properti/tangerang-selatan-bsd/rumah-3-kamar-siap-huni-dekat-akses-toll-dan-stasiun-free-biaya-surat-hos40140208/
"Rumah 4 Kamar Dekat Ice Bsd, Aeon Mall, Toll, Selangkah ke Stasiun, Tanpa Dp",2190000000,Tangerang Bsd,98,126,4.0,3.0,0.0,2.0,SHM,2,https://www.rumah123.com/properti/tangerang-bsd/rumah-4-kamar-dekat-ice-bsd-aeon-mall-toll-selangkah-ke-stasiun-tanpa-dp-hos17916607/
Dijual B U Rumah Hook 2 Lantai di Gading Serpong,2800000000,Tangerang Gading Serpong,198,195,4.0,4.0,1.0,1.0,SHM,1,https://www.rumah123.com/properti/tangerang-gading-serpong/dijual-rumah-hook-2-lantai-di-gading-serpong-hos41014529/
*Rk* Tinggal Bawa Koper Rumah Full Interior di Cluster Fiordini Illago Paramount Hadap Selatan SHM,2590000000,Tangerang Gading Serpong,119,120,3.0,2.0,0.0,1.0,SHM,2,https://www.rumah123.com/properti/tangerang-gading-serpong/rk-tinggal-bawa-koper-rumah-full-interior-di-cluster-fiordini-illago-paramount-hadap-selatan-shm-hos41174895/
Rumah 2 Lantai Full Renovasi Scientia Garden Darwin Gading Serpong BSD City Tangerang Banten,1900000000,Tangerang Gading Serpong,126,100,3.0,3.0,2.0,2.0,SHM,2,https://www.rumah123.com/properti/tangerang-gading-serpong/rumah-2-lantai-full-renovasi-scientia-garden-darwin-gading-newton-bsd-city-tangerang-banten-hos40358783/
Rumah 2 Lantai Full Renovasi Scientia Garden Volta Gading Serpong BSD City Tangerang Banten,2400000000,Tangerang Gading Serpong,121,156,4.0,3.0,2.0,2.0,SHM,2,https://www.rumah123.com/properti/tangerang-gading-serpong/rumah-2-lantai-full-renovasi-scientia-garden-volta-gading-serpong-bsd-city-tangerang-banten-hos39618964/
Rumah 2 Lantai Full Renovasi Trimezia Gading Serpong BSD City Tangerang Banten,2650000000,Tangerang Gading Serpong,120,120,3.0,3.0,2.0,2.0,SHM,2,https://www.rumah123.com/properti/tangerang-gading-serpong/rumah-2-lantai-full-renovasi-trimezia-gading-serpong-bsd-city-tangerang-banten-hos40646094/
Di Jual Cepat Rumah Minimalis 2Lt 4Kt di Harapan Indah Bekasi,1500000000,Bekasi Harapan Indah,112,159,4.0,4.0,1.0,0.0,SHM,2,https://www.rumah123.com/properti/bekasi-harapan-indah/di-jual-rumah-minimalis-2lt-4kt-di-harapan-indah-bekasi-hos41189726/
Rumah 2 Lantai Lokasi Strategis Siap Huni Jatibening Bekasi,4900000000,Bekasi Jatibening,310,550,7.0,7.0,0.0,2.0,SHM,2,https://www.rumah123.com/properti/bekasi-jatibening/rumah-mewah-modern-2-lantai-siap-huni-jatibening-hos41149947/
Rumah Dijual 3 Lantai Mewah Premium Elit Luas Lokasi Strategis Dekat Mall,6800000000,Bekasi Harapan Indah,160,215,5.0,6.0,2.0,2.0,Lainnya,3,https://www.rumah123.com/properti/bekasi-harapan-indah/rumah-dijual-3-lantai-mewah-premium-elit-luas-lokasi-strategis-dekat-mall-hos41056007/
"Rumah 3 Lantai Take Over di Jati Asih Bekasi, Full Furnished",400000000,Bekasi Jati Asih,68,100,3.0,3.0,0.0,2.0,SHM,3,https://www.rumah123.com/properti/bekasi-jati-asih/rumah-3-lantai-take-over-di-jati-asih-bekasi-full-furnished-hos41061961/
"Rumah Hoek Baru, di Summarecon Crown Gading, 5 Kamar",7750000000,Bekasi Summarecon Bekasi,272,310,4.0,4.0,0.0,0.0,SHM,1,https://www.rumah123.com/properti/bekasi-summarecon-bekasi/rumah-hoek-baru-di-summarecon-crown-gading-5-kamar-hos40961700/
Dijual Rumah Mewah Bagus 3 Lantai Fasilitas Lengkap,4600000000,Bekasi Harapan Indah,112,156,5.0,4.0,2.0,2.0,Lainnya,3,https://www.rumah123.com/properti/bekasi-harapan-indah/dijual-rumah-mewah-bagus-3-lantai-fasilitas-lengkap-hos40315275/
Rumah Premium 2 Lantai Lokasi Strategis Ada Danau Dalam Kawasan,2300000000,Bekasi Harapan Indah,84,87,3.0,3.0,1.0,1.0,Lainnya,2,https://www.rumah123.com/properti/bekasi-harapan-indah/rumah-premium-2-lantai-lokasi-strategis-ada-danau-dalam-kawasan-hos40222418/
Hunian Nyaman Luas 3 Lantai Dekat Mall Fasilitas Lengkap,4600000000,Bekasi Summarecon Bekasi,112,156,5.0,4.0,2.0,2.0,Lainnya,3,https://www.rumah123.com/properti/bekasi-summarecon-bekasi/hunian-nyaman-luas-3-lantai-dekat-mall-fasilitas-lengkap-hos40315311/
Rumah Baru Elit dan Mewah 2 Lantai Strategis Fasilitas Komplit,2300000000,Bekasi Summarecon Bekasi,84,87,3.0,3.0,1.0,1.0,Lainnya,2,https://www.rumah123.com/properti/bekasi-summarecon-bekasi/rumah-baru-elit-dan-mewah-2-lantai-strategis-fasilitas-komplit-hos40222478/
Dijual Rumah Kondisi Baru 3 Lantai Super Mewah Premium Area Strategis,6800000000,Bekasi Jatibening,160,215,4.0,5.0,2.0,2.0,Lainnya,3,https://www.rumah123.com/properti/bekasi-jatibening/dijual-rumah-kondisi-baru-3-lantai-super-mewah-premium-area-strategis-hos41056047/
Dijual Rumah Siap Huni di Jalan Utama Pondok Gede Bekasi,2000000000,Bekasi Jatiwaringin,108,165,3.0,3.0,0.0,2.0,SHM,2,https://www.rumah123.com/properti/bekasi-jatiwaringin/dijual-rumah-siap-huni-di-jalan-utama-pondok-gede-bekasi-hos16920702/
Rumah Strategis di Kota Harapan Indah - Jl. Salak Sudah SHM | Hanya 700 Juta! (028),700000000,Bekasi Harapan Indah,81,81,2.0,1.0,0.0,1.0,SHM,1,https://www.rumah123.com/properti/bekasi-harapan-indah/rumah-strategis-di-kota-harapan-indah-jl-salak-sudah-shm-hanya-700-juta-028-hos41146502/
Jual Rumah 2 Lantai Hoek Lokasi Bagus Tanah Luas SHM Dekat Clubhouse Palm Residence dan Summarecon Mal Bekasi,3900000000,Bekasi Summarecon Bekasi,240,150,3.0,3.0,1.0,1.0,SHM,2,https://www.rumah123.com/properti/bekasi-summarecon-bekasi/jualbrumah-2-lantai-hoek-lokasi-bagus-tanah-luas-shm-dekat-clubhouse-palm-residence-dan-summarecon-mal-bekasi-hos40922431/
Jual Rumah Murah Scandinavian di Bekasi Timur Regency Mustikajaya,850000000,Bekasi Bekasi,78,96,3.0,3.0,0.0,1.0,SHM,2,https://www.rumah123.com/properti/bekasi-bekasi/jual-rumah-murah-scandinavian-di-bekasi-timur-regency-mustikajaya-hos41102348/
Rumah Hook Besar Dekat Club House di Summarecon Bekasi,4250000000,Bekasi Summarecon Bekasi,180,150,4.0,3.0,0.0,2.0,PPJB,2,https://www.rumah123.com/properti/bekasi-summarecon-bekasi/rumah-hook-besar-dekat-club-house-di-summarecon-bekasi-hos40517002/
